1,Albert,Garrett,8
2,Katrina,Reyes,8
3,Ian,Lee,6
4,Bella,Hopkins,9
5,Willard,Medina,3
6,Melanie,Jordan,6
7,Ray,Kuhn,10
8,Rick,Pena,13
9,Amelia,Simmons,8
10,Bob,Fletcher,1
11,Bob,Wallace,10
12,Crystal,Lane,12
13,Vicki,Sanders,11
14,Brooklyn,Morrison,4
15,Jimmie,Russell,10
16,Harold,Chambers,2
17,Misty,Obrien,4
18,Brooklyn,Carr,13
19,Carter,James,13
20,Tonya,Hunter,6
21,Jackie,Fleming,2
22,Henry,Lowe,4
23,Tina,Dean,6
24,Landon,Gardner,5
25,Mildred,Gray,2
26,Henry,Reid,5
27,Timmothy,Miles,2
28,Katherine,Foster,11
29,Alicia,Flores,8
30,Nathaniel,Garcia,9